parliament,bill_number,bill_title,url_title,sponsor_name1,sponsor_title1,sponsor_name2,sponsor_title2,sponsor_name3,sponsor_title3,sponsor_name4,sponsor_title4
"42nd Parliament, Session 2",1,An Act to perpetuate an ancient parliamentary right,https://www.ola.org/en/legislative-business/bills/parliament-42/session-2/bill-1,"Ford, Hon. Doug",Premier,,,,,,
"42nd Parliament, Session 2",2,"Creating Safe Zones around Hospitals, Other Health Facilities, Schools and Child Care Centres Act, 2021",https://www.ola.org/en/legislative-business/bills/parliament-42/session-2/bill-2,"Fraser, John",,,,,,,
"42nd Parliament, Session 2",3,"Stopping Anti-Public Health Harassment Act, 2021",https://www.ola.org/en/legislative-business/bills/parliament-42/session-2/bill-3,"Horwath, Andrea",,,,,,,
"42nd Parliament, Session 2",4,"Long-Term Care Commission's Recommendations Reporting Act, 2021",https://www.ola.org/en/legislative-business/bills/parliament-42/session-2/bill-4,"Fraser, John",,,,,,,
"42nd Parliament, Session 2",5,"York Region Wastewater Act, 2021",https://www.ola.org/en/legislative-business/bills/parliament-42/session-2/bill-5,"Piccini, Hon. David","Minister of the Environment, Conservation and Parks",,,,,,
"42nd Parliament, Session 2",6,"Jobs and Jabs Act, 2021",https://www.ola.org/en/legislative-business/bills/parliament-42/session-2/bill-6,"Baber, Roman",,,,,,,
"42nd Parliament, Session 2",7,"10 Paid Sick Days for Ontario Workers Act, 2021",https://www.ola.org/en/legislative-business/bills/parliament-42/session-2/bill-7,"Fraser, John",,,,,,,
"42nd Parliament, Session 2",8,"Stay Home If You Are Sick Act, 2021",https://www.ola.org/en/legislative-business/bills/parliament-42/session-2/bill-8,"Singh, Sara",,"Begum, Doly",,"Andrew, Jill",,"Sattler, Peggy",
"42nd Parliament, Session 2",9,"Non-Profit Sector Appreciation Week Act, 2021",https://www.ola.org/en/legislative-business/bills/parliament-42/session-2/bill-9,"Wai, Daisy",,,,,,,
"42nd Parliament, Session 2",10,"Stopping Harassment and Abuse by Local Leaders Act, 2022",https://www.ola.org/en/legislative-business/bills/parliament-42/session-2/bill-10,"Blais, Stephen",,,,,,,
"42nd Parliament, Session 2",11,"Autism Awareness Day Act, 2021",https://www.ola.org/en/legislative-business/bills/parliament-42/session-2/bill-11,"Armstrong, Teresa J.",,,,,,,
"42nd Parliament, Session 2",12,"Mandatory COVID-19 Vaccinations in the Education and Healthcare Sectors Act, 2021",https://www.ola.org/en/legislative-business/bills/parliament-42/session-2/bill-12,"Fraser, John",,,,,,,
"42nd Parliament, Session 2",13,"Supporting People and Businesses Act, 2021",https://www.ola.org/en/legislative-business/bills/parliament-42/session-2/bill-13,"Tangri, Hon. Nina",Associate Minister of Small Business and Red Tape Reduction,,,,,,
"42nd Parliament, Session 2",14,"Time to Care Act (Long-Term Care Homes Amendment, Minimum Standard of Daily Care), 2021",https://www.ola.org/en/legislative-business/bills/parliament-42/session-2/bill-14,"Armstrong, Teresa J.",,,,,,,
"42nd Parliament, Session 2",15,"Connecting Care Amendment Act (Patient Bill of Rights), 2021",https://www.ola.org/en/legislative-business/bills/parliament-42/session-2/bill-15,"Fraser, John",,,,,,,
"42nd Parliament, Session 2",16,"WSIB Coverage for Workers in Residential Care Facilities and Group Homes Act, 2021",https://www.ola.org/en/legislative-business/bills/parliament-42/session-2/bill-16,"Fraser, John",,,,,,,
"42nd Parliament, Session 2",17,"Gender Affirming Health Care Advisory Committee Act, 2021",https://www.ola.org/en/legislative-business/bills/parliament-42/session-2/bill-17,"Morrison, Suze",,,,,,,
"42nd Parliament, Session 2",18,"Polish Heritage Month Act, 2021",https://www.ola.org/en/legislative-business/bills/parliament-42/session-2/bill-18,"Yakabuski, John",,"Hogarth, Christine",,,,,
"42nd Parliament, Session 2",19,"More Than a Visitor Act (Caregiving in Congregate Care Settings), 2021",https://www.ola.org/en/legislative-business/bills/parliament-42/session-2/bill-19,"Gretzky, Lisa",,,,,,,
"42nd Parliament, Session 2",20,"La Francophonie Act, 2021",https://www.ola.org/en/legislative-business/bills/parliament-42/session-2/bill-20,"Collard, Lucille",,"Simard, Amanda",,,,,
"42nd Parliament, Session 2",21,"Taxation Amendment Act (Travel Ontario Tax Credit), 2021",https://www.ola.org/en/legislative-business/bills/parliament-42/session-2/bill-21,"Gates, Wayne",,,,,,,
"42nd Parliament, Session 2",22,"Making the Patient Ombudsman an Officer of the Assembly Act, 2021",https://www.ola.org/en/legislative-business/bills/parliament-42/session-2/bill-22,"Fraser, John",,,,,,,
"42nd Parliament, Session 2",23,"Rent Stabilization Act, 2021",https://www.ola.org/en/legislative-business/bills/parliament-42/session-2/bill-23,"Bell, Jessica",,"Karpoche, Bhutila",,"Harden, Joel",,"Kernaghan, Terence",
"42nd Parliament, Session 2",24,"Highway Memorials for Fallen Police Officers Amendment Act (In Memory of Officers Impacted by Traumatic Events), 2021",https://www.ola.org/en/legislative-business/bills/parliament-42/session-2/bill-24,"Gélinas, France",,,,,,,
"42nd Parliament, Session 2",25,"Early Years and Child Care Worker Advisory Commission Act, 2021",https://www.ola.org/en/legislative-business/bills/parliament-42/session-2/bill-25,"Karpoche, Bhutila",,,,,,,
"42nd Parliament, Session 2",26,"Uploading Highways 174 and 17 Act, 2021",https://www.ola.org/en/legislative-business/bills/parliament-42/session-2/bill-26,"Blais, Stephen",,,,,,,
"42nd Parliament, Session 2",27,"Working for Workers Act, 2021",https://www.ola.org/en/legislative-business/bills/parliament-42/session-2/bill-27,"McNaughton, Hon. Monte","Minister of Labour, Training and Skills Development",,,,,,
"42nd Parliament, Session 2",28,"Preventing Worker Misclassification Act, 2021",https://www.ola.org/en/legislative-business/bills/parliament-42/session-2/bill-28,"Sattler, Peggy",,,,,,,
"42nd Parliament, Session 2",29,"Cannabis Licence Amendment Act, 2021",https://www.ola.org/en/legislative-business/bills/parliament-42/session-2/bill-29,"Stiles, Marit",,,,,,,
"42nd Parliament, Session 2",30,"Foreign Credentials Advisory Committee Act, 2021",https://www.ola.org/en/legislative-business/bills/parliament-42/session-2/bill-30,"Collard, Lucille",,,,,,,
"42nd Parliament, Session 2",31,"Nancy Rose Act (Paediatric Hospice Palliative Care Strategy), 2021",https://www.ola.org/en/legislative-business/bills/parliament-42/session-2/bill-31,"Shaw, Sandy",,,,,,,
"42nd Parliament, Session 2",32,"Carbon Budget Accountability Act, 2021",https://www.ola.org/en/legislative-business/bills/parliament-42/session-2/bill-32,"Schreiner, Mike",,,,,,,
"42nd Parliament, Session 2",33,"Sikh Genocide Awareness Week Act, 2021",https://www.ola.org/en/legislative-business/bills/parliament-42/session-2/bill-33,"Singh, Gurratan",,,,,,,
"42nd Parliament, Session 2",34,"Anti-Asian Racism Education Month Act, 2021",https://www.ola.org/en/legislative-business/bills/parliament-42/session-2/bill-34,"Ke, Vincent",,,,,,,
"42nd Parliament, Session 2",35,"Equity Education for Young Ontarians Act, 2021",https://www.ola.org/en/legislative-business/bills/parliament-42/session-2/bill-35,"Collard, Lucille",,,,,,,
"42nd Parliament, Session 2",36,"Franco-Ontarian Community Act, 2021",https://www.ola.org/en/legislative-business/bills/parliament-42/session-2/bill-36,"Bourgouin, Guy",,,,,,,
"42nd Parliament, Session 2",37,"Providing More Care, Protecting Seniors, and Building More Beds Act, 2021",https://www.ola.org/en/legislative-business/bills/parliament-42/session-2/bill-37,"Phillips, Rod",Minister of Long-Term Care,,,,,,
"42nd Parliament, Session 2",38,"Remembrance Week Amendment Act, 2021",https://www.ola.org/en/legislative-business/bills/parliament-42/session-2/bill-38,"Gill, Hon. Parm",Minister of Citizenship and Multiculturalism,,,,,,
"42nd Parliament, Session 2",39,"Change of Name Amendment Act, 2021",https://www.ola.org/en/legislative-business/bills/parliament-42/session-2/bill-39,"Mitas, Christina Maria",,,,,,,
"42nd Parliament, Session 2",40,"Support for Adults in Need of Assistance Act, 2021",https://www.ola.org/en/legislative-business/bills/parliament-42/session-2/bill-40,"Gélinas, France",,,,,,,
"42nd Parliament, Session 2",41,"Viewer Discretion Act (Images of Fetuses), 2021",https://www.ola.org/en/legislative-business/bills/parliament-42/session-2/bill-41,"Sattler, Peggy",,"Kernaghan, Terence",,"Armstrong, Teresa J.",,,
"42nd Parliament, Session 2",42,"Ontario Religious Freedom Day Act, 2021",https://www.ola.org/en/legislative-business/bills/parliament-42/session-2/bill-42,"Sabawy, Sheref",,,,,,,
"42nd Parliament, Session 2",43,"Build Ontario Act (Budget Measures), 2021",https://www.ola.org/en/legislative-business/bills/parliament-42/session-2/bill-43,"Bethlenfalvy, Hon. Peter",Minister of Finance,,,,,,
"42nd Parliament, Session 2",44,"Perinatal Mental Health Act, 2021",https://www.ola.org/en/legislative-business/bills/parliament-42/session-2/bill-44,"Karpoche, Bhutila",,,,,,,
"42nd Parliament, Session 2",45,"Ontario Cadets Week Act, 2021",https://www.ola.org/en/legislative-business/bills/parliament-42/session-2/bill-45,"Barrett, Toby",,,,,,,
"42nd Parliament, Session 2",46,"Northern Health Travel Grant Advisory Committee Act, 2021",https://www.ola.org/en/legislative-business/bills/parliament-42/session-2/bill-46,"Monteith-Farrell, Judith",,,,,,,
"42nd Parliament, Session 2",47,"Poet Laureate of Ontario Amendment Act (French-language Poet Laureate of Ontario), 2021",https://www.ola.org/en/legislative-business/bills/parliament-42/session-2/bill-47,"Collard, Lucille",,,,,,,
"42nd Parliament, Session 2",48,"Support Workers Pay Act, 2021",https://www.ola.org/en/legislative-business/bills/parliament-42/session-2/bill-48,"West, Jamie",,,,,,,
"42nd Parliament, Session 2",49,"Anti-Money Laundering in Housing Act, 2021",https://www.ola.org/en/legislative-business/bills/parliament-42/session-2/bill-49,"Karpoche, Bhutila",,"Begum, Doly",,"Bell, Jessica",,,
"42nd Parliament, Session 2",50,"Hungarian Heritage Month Act, 2022",https://www.ola.org/en/legislative-business/bills/parliament-42/session-2/bill-50,"Cuzzetto, Rudy",,,,,,,
"42nd Parliament, Session 2",51,"Provincial Day of Service Act, 2022",https://www.ola.org/en/legislative-business/bills/parliament-42/session-2/bill-51,"Coe, Lorne",,,,,,,
"42nd Parliament, Session 2",PR51,"Adventure Learning Experiences Inc. Act, 2021",https://www.ola.org/en/legislative-business/bills/parliament-42/session-2/bill-pr51,"Wai, Daisy",,,,,,,
"42nd Parliament, Session 2",52,"Stopping Illegal Handgun Smuggling Act, 2021",https://www.ola.org/en/legislative-business/bills/parliament-42/session-2/bill-52,"Morrison, Suze",,"Tabuns, Peter",,"Berns-McGown, Rima",,"Begum, Doly",
"42nd Parliament, Session 2",PR52,"1921628 Ontario Inc. Act, 2021",https://www.ola.org/en/legislative-business/bills/parliament-42/session-2/bill-pr52,"Wai, Daisy",,,,,,,
"42nd Parliament, Session 2",PR53,"1664503 Ontario Inc. Act, 2021",https://www.ola.org/en/legislative-business/bills/parliament-42/session-2/bill-pr53,"Coe, Lorne",,,,,,,
"42nd Parliament, Session 2",53,"Teddy's Law (Anti-Declawing), 2021",https://www.ola.org/en/legislative-business/bills/parliament-42/session-2/bill-53,"Stiles, Marit",,,,,,,
"42nd Parliament, Session 2",54,"Protecting Vulnerable Road Users Act, 2021",https://www.ola.org/en/legislative-business/bills/parliament-42/session-2/bill-54,"Begum, Doly",,"Karpoche, Bhutila",,"Bell, Jessica",,,
"42nd Parliament, Session 2",PR54,"2492725 Ontario Inc. Act, 2021",https://www.ola.org/en/legislative-business/bills/parliament-42/session-2/bill-pr54,"Yarde, Kevin",,,,,,,
"42nd Parliament, Session 2",PR55,"New Edinburgh Property Management Service Ltd. Act, 2021",https://www.ola.org/en/legislative-business/bills/parliament-42/session-2/bill-pr55,"Collard, Lucille",,,,,,,
"42nd Parliament, Session 2",55,"Menstrual Health Day Act, 2021",https://www.ola.org/en/legislative-business/bills/parliament-42/session-2/bill-55,"Karpoche, Bhutila",,,,,,,
"42nd Parliament, Session 2",PR56,"2238990 Ontario Inc. Act, 2021",https://www.ola.org/en/legislative-business/bills/parliament-42/session-2/bill-pr56,"Wai, Daisy",,,,,,,
"42nd Parliament, Session 2",56,"9-1-1 Everywhere in Ontario Act, 2021",https://www.ola.org/en/legislative-business/bills/parliament-42/session-2/bill-56,"Gélinas, France",,,,,,,
"42nd Parliament, Session 2",57,"Paris Galt Moraine Conservation Act, 2021",https://www.ola.org/en/legislative-business/bills/parliament-42/session-2/bill-57,"Schreiner, Mike",,,,,,,
"42nd Parliament, Session 2",PR57,"Total Pest Management Services Ltd. Act, 2021",https://www.ola.org/en/legislative-business/bills/parliament-42/session-2/bill-pr57,"Smith, Dave",,,,,,,
"42nd Parliament, Session 2",PR58,"Vos Food Store Equipment Ltd. Act, 2021",https://www.ola.org/en/legislative-business/bills/parliament-42/session-2/bill-pr58,"Bouma, Will",,,,,,,
"42nd Parliament, Session 2",58,"Endometriosis Awareness Month Act, 2021",https://www.ola.org/en/legislative-business/bills/parliament-42/session-2/bill-58,"Stiles, Marit",,,,,,,
"42nd Parliament, Session 2",PR59,"201827 Ontario Limited Act, 2022",https://www.ola.org/en/legislative-business/bills/parliament-42/session-2/bill-pr59,"Miller, Norman",,,,,,,
"42nd Parliament, Session 2",59,"Making Northern Ontario Highways Safer Act, 2022",https://www.ola.org/en/legislative-business/bills/parliament-42/session-2/bill-59,"Bourgouin, Guy",,,,,,,
"42nd Parliament, Session 2",PR60,"1692783 Ontario Inc. Act, 2022",https://www.ola.org/en/legislative-business/bills/parliament-42/session-2/bill-pr60,"Gates, Wayne",,,,,,,
"42nd Parliament, Session 2",60,"Safe and Healthy Communities Act (Addressing Gun Violence), 2022",https://www.ola.org/en/legislative-business/bills/parliament-42/session-2/bill-60,"Hunter, Mitzie",,,,,,,
"42nd Parliament, Session 2",PR61,"1712042 Ontario Ltd. Act, 2022",https://www.ola.org/en/legislative-business/bills/parliament-42/session-2/bill-pr61,"Gates, Wayne",,,,,,,
"42nd Parliament, Session 2",61,"Murray Whetung Community Service Award Act, 2021",https://www.ola.org/en/legislative-business/bills/parliament-42/session-2/bill-61,"Smith, Dave",,,,,,,
"42nd Parliament, Session 2",62,"Fairness for Road Users Act (Contraventions Causing Death or Serious Bodily Harm), 2021",https://www.ola.org/en/legislative-business/bills/parliament-42/session-2/bill-62,"French, Jennifer K.",,,,,,,
"42nd Parliament, Session 2",PR62,"Groves Memorial Community Hospital Act, 2022",https://www.ola.org/en/legislative-business/bills/parliament-42/session-2/bill-pr62,"Pettapiece, Randy",,,,,,,
"42nd Parliament, Session 2",63,"Cootes Paradise Water Accountability Act, 2021",https://www.ola.org/en/legislative-business/bills/parliament-42/session-2/bill-63,"Shaw, Sandy",,,,,,,
"42nd Parliament, Session 2",PR63,"Superior Corporate Services Limited Act, 2022",https://www.ola.org/en/legislative-business/bills/parliament-42/session-2/bill-pr63,"Fraser, John",,,,,,,
"42nd Parliament, Session 2",64,"Awenen Niin Act (Who Am I) Respecting Identity Documents, 2021",https://www.ola.org/en/legislative-business/bills/parliament-42/session-2/bill-64,"Monteith-Farrell, Judith",,,,,,,
"42nd Parliament, Session 2",PR64,"Navigation Project Management Inc. Act, 2022",https://www.ola.org/en/legislative-business/bills/parliament-42/session-2/bill-pr64,"Fife, Catherine",,,,,,,
"42nd Parliament, Session 2",65,"Brunt and Kendall Act (Ensuring Safe Firefighter and Trainee Rescue Training), 2021",https://www.ola.org/en/legislative-business/bills/parliament-42/session-2/bill-65,"French, Jennifer K.",,,,,,,
"42nd Parliament, Session 2",PR65,"Ross Memorial Hospital Act, 2022",https://www.ola.org/en/legislative-business/bills/parliament-42/session-2/bill-pr65,"Scott, Laurie",,,,,,,
"42nd Parliament, Session 2",66,"COVID-19 Memorial Day Act, 2021",https://www.ola.org/en/legislative-business/bills/parliament-42/session-2/bill-66,"Armstrong, Teresa J.",,,,,,,
"42nd Parliament, Session 2",PR66,"2704395 Ontario Inc Act, 2022.",https://www.ola.org/en/legislative-business/bills/parliament-42/session-2/bill-pr66,"Berns-McGown, Rima",,,,,,,
"42nd Parliament, Session 2",PR67,"Frolander Island Resort (2003) Ltd. Act, 2022",https://www.ola.org/en/legislative-business/bills/parliament-42/session-2/bill-pr67,"Smith, Dave",,,,,,,
"42nd Parliament, Session 2",67,"Racial Equity in the Education System Act, 2022",https://www.ola.org/en/legislative-business/bills/parliament-42/session-2/bill-67,"Lindo, Laura Mae",,,,,,,
"42nd Parliament, Session 2",68,"Speaking Out About Workplace Violence and Workplace Harassment Act, 2021",https://www.ola.org/en/legislative-business/bills/parliament-42/session-2/bill-68,"Gélinas, France",,,,,,,
"42nd Parliament, Session 2",PR68,"Lunova Machinery Import and Export Ltd. Act, 2022",https://www.ola.org/en/legislative-business/bills/parliament-42/session-2/bill-pr68,"Bouma, Will",,,,,,,
"42nd Parliament, Session 2",PR69,"Brisdale Plaza Inc. Act, 2022",https://www.ola.org/en/legislative-business/bills/parliament-42/session-2/bill-pr69,"Singh, Gurratan",,,,,,,
"42nd Parliament, Session 2",69,"Education Statute Law Amendment Act (Fetal Alcohol Spectrum Disorder), 2021",https://www.ola.org/en/legislative-business/bills/parliament-42/session-2/bill-69,"Wynne, Kathleen O.",,,,,,,
"42nd Parliament, Session 2",PR70,"2127023 Ontario Inc. Act, 2022",https://www.ola.org/en/legislative-business/bills/parliament-42/session-2/bill-pr70,"Singh, Gurratan",,,,,,,
"42nd Parliament, Session 2",70,"Four-Day Work Week Act, 2021",https://www.ola.org/en/legislative-business/bills/parliament-42/session-2/bill-70,"Karpoche, Bhutila",,,,,,,
"42nd Parliament, Session 2",71,"Keeping Students Safe on School Buses Act (Highway Traffic Amendment), 2021",https://www.ola.org/en/legislative-business/bills/parliament-42/session-2/bill-71,"Wynne, Kathleen O.",,,,,,,
"42nd Parliament, Session 2",PR71,"Eleanor Fulcher Limited Act, 2022",https://www.ola.org/en/legislative-business/bills/parliament-42/session-2/bill-pr71,"Miller, Norman",,,,,,,
"42nd Parliament, Session 2",PR72,"1833025 Ontario Inc. Act, 2022",https://www.ola.org/en/legislative-business/bills/parliament-42/session-2/bill-pr72,"Pettapiece, Randy",,,,,,,
"42nd Parliament, Session 2",72,"St. James Town Act (Residential Tenancies Amendments), 2021",https://www.ola.org/en/legislative-business/bills/parliament-42/session-2/bill-72,"Morrison, Suze",,,,,,,
"42nd Parliament, Session 2",73,"Long-Term Care Homes Amendment Act (Preference for Veterans), 2021",https://www.ola.org/en/legislative-business/bills/parliament-42/session-2/bill-73,"Stevens, Jennifer (Jennie)",,,,,,,
"42nd Parliament, Session 2",74,"Mount Pleasant Public Cemeteries Act, 2021",https://www.ola.org/en/legislative-business/bills/parliament-42/session-2/bill-74,"Bell, Jessica",,,,,,,
"42nd Parliament, Session 2",PR74,"P.K.B. International Bazaar Ltd. Act, 2022",https://www.ola.org/en/legislative-business/bills/parliament-42/session-2/bill-pr74,"Ke, Vincent",,,,,,,
"42nd Parliament, Session 2",75,"Emancipation Month Act, 2021",https://www.ola.org/en/legislative-business/bills/parliament-42/session-2/bill-75,"Schreiner, Mike",,"Hunter, Mitzie",,"Khanjin, Hon. Andrea",,"Lindo, Laura Mae",
"42nd Parliament, Session 2",PR75,"2300943 Ontario Inc. Act, 2022",https://www.ola.org/en/legislative-business/bills/parliament-42/session-2/bill-pr75,"Ke, Vincent",,,,,,,
"42nd Parliament, Session 2",76,"Lifejackets for Life Act, 2022",https://www.ola.org/en/legislative-business/bills/parliament-42/session-2/bill-76,"Miller, Norman",,,,,,,
"42nd Parliament, Session 2",77,"Ontario Consumer Watchdog Act, 2022",https://www.ola.org/en/legislative-business/bills/parliament-42/session-2/bill-77,"Rakocevic, Tom",,"Begum, Doly",,"Kernaghan, Terence",,"Hassan, Faisal",
"42nd Parliament, Session 2",78,"Police Services Amendment Act, 2022",https://www.ola.org/en/legislative-business/bills/parliament-42/session-2/bill-78,"Harris, Mike",,,,,,,
"42nd Parliament, Session 2",79,"Right to Timely Mental Health and Addiction Care for Children and Youth Act, 2021",https://www.ola.org/en/legislative-business/bills/parliament-42/session-2/bill-79,"Karpoche, Bhutila",,,,,,,
"42nd Parliament, Session 2",80,"Local Choice for Local Elections Act (Ranked Ballot By-Laws), 2021",https://www.ola.org/en/legislative-business/bills/parliament-42/session-2/bill-80,"Hunter, Mitzie",,,,,,,
"42nd Parliament, Session 2",81,"Protecting Vulnerable Persons in Supportive Living Accommodation Act, 2021",https://www.ola.org/en/legislative-business/bills/parliament-42/session-2/bill-81,"Burch, Jeff",,,,,,,
"42nd Parliament, Session 2",82,"Day of Remembrance and Action Against Anti-Asian Racism Act, 2021",https://www.ola.org/en/legislative-business/bills/parliament-42/session-2/bill-82,"Glover, Chris",,"Karpoche, Bhutila",,"Kernaghan, Terence",,"Bell, Jessica",
"42nd Parliament, Session 2",83,"Freeing Highways 412 and 418 Act (Toll Highway Amendments), 2022",https://www.ola.org/en/legislative-business/bills/parliament-42/session-2/bill-83,"French, Jennifer K.",,,,,,,
"42nd Parliament, Session 2",84,"Fewer Fees, Better Services Act, 2022",https://www.ola.org/en/legislative-business/bills/parliament-42/session-2/bill-84,"Tangri, Hon. Nina",Associate Minister of Small Business and Red Tape Reduction,,,,,,
"42nd Parliament, Session 2",85,"Smoke-Free Ontario Amendment Act (Vaping is not for Kids), 2022",https://www.ola.org/en/legislative-business/bills/parliament-42/session-2/bill-85,"Gélinas, France",,,,,,,
"42nd Parliament, Session 2",86,"Our London Family Act (Working Together to Combat Islamophobia and Hatred), 2022",https://www.ola.org/en/legislative-business/bills/parliament-42/session-2/bill-86,"Kernaghan, Terence",,"Hassan, Faisal",,"Armstrong, Teresa J.",,"Sattler, Peggy",
"42nd Parliament, Session 2",87,"Black Mental Health Day Act, 2022",https://www.ola.org/en/legislative-business/bills/parliament-42/session-2/bill-87,"Karpoche, Bhutila",,"Hassan, Faisal",,,,,
"42nd Parliament, Session 2",88,"Working for Workers Act, 2022",https://www.ola.org/en/legislative-business/bills/parliament-42/session-2/bill-88,"McNaughton, Hon. Monte","Minister of Labour, Training and Skills Development",,,,,,
"42nd Parliament, Session 2",89,"Protecting Ontario's Religious Diversity Act, 2022",https://www.ola.org/en/legislative-business/bills/parliament-42/session-2/bill-89,"Oosterhoff, Sam",,,,,,,
"42nd Parliament, Session 2",90,"No COVID-19 Evictions Act, 2022",https://www.ola.org/en/legislative-business/bills/parliament-42/session-2/bill-90,"Bell, Jessica",,"Morrison, Suze",,"Andrew, Jill",,"Kernaghan, Terence",
"42nd Parliament, Session 2",91,"Fairness in Petroleum Products Pricing Act, 2022",https://www.ola.org/en/legislative-business/bills/parliament-42/session-2/bill-91,"Bisson, Gilles",,,,,,,
"42nd Parliament, Session 2",92,"Ministry of Community and Social Services Amendment Act (Social Assistance Research Commission), 2022",https://www.ola.org/en/legislative-business/bills/parliament-42/session-2/bill-92,"Miller, Paul",,,,,,,
"42nd Parliament, Session 2",93,"Getting Ontario Connected Act, 2022",https://www.ola.org/en/legislative-business/bills/parliament-42/session-2/bill-93,"Surma, Hon. Kinga",Minister of Infrastructure,,,,,,
"42nd Parliament, Session 2",94,"Climate Crisis Health Action Plan Act, 2022",https://www.ola.org/en/legislative-business/bills/parliament-42/session-2/bill-94,"Tabuns, Peter",,"Karpoche, Bhutila",,,,,
"42nd Parliament, Session 2",95,"Long-Term Care Homes Amendment (Till Death Do Us Part) Act, 2022",https://www.ola.org/en/legislative-business/bills/parliament-42/session-2/bill-95,"Singh, Sara",,"Fife, Catherine",,,,,
"42nd Parliament, Session 2",96,"Supply Act, 2022",https://www.ola.org/en/legislative-business/bills/parliament-42/session-2/bill-96,"Sarkaria, Hon. Prabmeet Singh",President of the Treasury Board,,,,,,
"42nd Parliament, Session 2",97,"Transparent and Accountable Health Care Act, 2022",https://www.ola.org/en/legislative-business/bills/parliament-42/session-2/bill-97,"Gélinas, France",,,,,,,
"42nd Parliament, Session 2",98,"Fairness for Ontario's Internationally Trained Workers Act, 2022",https://www.ola.org/en/legislative-business/bills/parliament-42/session-2/bill-98,"Kernaghan, Terence",,"Begum, Doly",,"Harden, Joel",,"Rakocevic, Tom",
"42nd Parliament, Session 2",99,"Protection from Coerced Debts Incurred in relation to Human Trafficking Act, 2022",https://www.ola.org/en/legislative-business/bills/parliament-42/session-2/bill-99,"Collard, Lucille",,,,,,,
"42nd Parliament, Session 2",100,"Keeping Ontario Open for Business Act, 2022",https://www.ola.org/en/legislative-business/bills/parliament-42/session-2/bill-100,"Jones, Hon. Sylvia",Solicitor General,,,,,,
"42nd Parliament, Session 2",101,"Harvey and Gurvir's Law (Providing Information about Down Syndrome to Expectant Parents, Regulated Health Professionals and the Public), 2022",https://www.ola.org/en/legislative-business/bills/parliament-42/session-2/bill-101,"Singh, Sara",,,,,,,
"42nd Parliament, Session 2",102,"Environmental Protection Amendment Act (Mircrofiber Filters for Washing Machines), 2022",https://www.ola.org/en/legislative-business/bills/parliament-42/session-2/bill-102,"Bell, Jessica",,,,,,,
"42nd Parliament, Session 2",103,"Ending Automobile Insurance Discrimination in the Greater Toronto Area Act, 2022",https://www.ola.org/en/legislative-business/bills/parliament-42/session-2/bill-103,"Hassan, Faisal",,"Rakocevic, Tom",,"Yarde, Kevin",,"Singh, Gurratan",
"42nd Parliament, Session 2",104,"Connected Communities Act, 2022",https://www.ola.org/en/legislative-business/bills/parliament-42/session-2/bill-104,"Park, Lindsey",,,,,,,
"42nd Parliament, Session 2",105,"Armenian Heritage Month Act, 2022",https://www.ola.org/en/legislative-business/bills/parliament-42/session-2/bill-105,"Babikian, Aris",,,,,,,
"42nd Parliament, Session 2",106,"Pandemic and Emergency Preparedness Act, 2022",https://www.ola.org/en/legislative-business/bills/parliament-42/session-2/bill-106,"Sarkaria, Hon. Prabmeet Singh",President of the Treasury Board,,,,,,
"42nd Parliament, Session 2",107,"Peter Kormos Memorial Act (Saving Organs to Save Lives), 2022",https://www.ola.org/en/legislative-business/bills/parliament-42/session-2/bill-107,"Gélinas, France",,,,,,,
"42nd Parliament, Session 2",108,"Access to Sexual Assault Evidence Kits and Provision of Sexual Assault Education Act, 2022",https://www.ola.org/en/legislative-business/bills/parliament-42/session-2/bill-108,"Collard, Lucille",,,,,,,
"42nd Parliament, Session 2",109,"More Homes for Everyone Act, 2022",https://www.ola.org/en/legislative-business/bills/parliament-42/session-2/bill-109,"Clark, Hon. Steve",Minister of Municipal Affairs and Housing,,,,,,
"42nd Parliament, Session 2",110,"Clean Trains Now Act, 2022",https://www.ola.org/en/legislative-business/bills/parliament-42/session-2/bill-110,"Rakocevic, Tom",,"Karpoche, Bhutila",,"Stiles, Marit",,"Hassan, Faisal",
"42nd Parliament, Session 2",111,"Tax Relief at the Pumps Act, 2022",https://www.ola.org/en/legislative-business/bills/parliament-42/session-2/bill-111,"Bethlenfalvy, Hon. Peter",Minister of Finance,,,,,,
"42nd Parliament, Session 2",112,"Green Shirt Day Act, 2022",https://www.ola.org/en/legislative-business/bills/parliament-42/session-2/bill-112,"Parsa, Hon. Michael",,,,,,,
"42nd Parliament, Session 2",113,"Centering Youth in Pandemic Recovery Act, 2022",https://www.ola.org/en/legislative-business/bills/parliament-42/session-2/bill-113,"Stiles, Marit",,,,,,,
"42nd Parliament, Session 2",114,"Pandemic Preparedness Act, 2022",https://www.ola.org/en/legislative-business/bills/parliament-42/session-2/bill-114,"Karpoche, Bhutila",,,,,,,
"42nd Parliament, Session 2",115,"Teach the Reach Act, 2022",https://www.ola.org/en/legislative-business/bills/parliament-42/session-2/bill-115,"Stiles, Marit",,,,,,,
"42nd Parliament, Session 2",116,"Auditor General Amendment Act, 2022",https://www.ola.org/en/legislative-business/bills/parliament-42/session-2/bill-116,"Gélinas, France",,"West, Jamie",,,,,
"42nd Parliament, Session 2",117,"Myasthenia Gravis Month Act, 2022",https://www.ola.org/en/legislative-business/bills/parliament-42/session-2/bill-117,"Taylor, Monique",,"Walker, Bill",,,,,
"42nd Parliament, Session 2",118,"Education Amendment Act (Civic Education), 2022",https://www.ola.org/en/legislative-business/bills/parliament-42/session-2/bill-118,"Simard, Amanda",,,,,,,
"42nd Parliament, Session 2",119,"Fostering Privacy Fairness Act, 2022",https://www.ola.org/en/legislative-business/bills/parliament-42/session-2/bill-119,"Bailey, Robert",,,,,,,
"42nd Parliament, Session 2",120,"Making Psychotherapy Services Tax-Free Act, 2022",https://www.ola.org/en/legislative-business/bills/parliament-42/session-2/bill-120,"Andrew, Jill",,"Gélinas, France",,,,,
"42nd Parliament, Session 2",121,"No Time to Waste Act (Plan for Climate Action and Jobs), 2022",https://www.ola.org/en/legislative-business/bills/parliament-42/session-2/bill-121,"Karpoche, Bhutila",,"Tabuns, Peter",,,,,
"42nd Parliament, Session 2",122,"Supporting Economic Recovery and Renewal in the Niagara Region Act, 2022",https://www.ola.org/en/legislative-business/bills/parliament-42/session-2/bill-122,"Gates, Wayne",,,,,,,
"42nd Parliament, Session 2",123,"Labour Relations Amendment Act (Replacement Workers), 2022",https://www.ola.org/en/legislative-business/bills/parliament-42/session-2/bill-123,"Gélinas, France",,"West, Jamie",,,,,
"42nd Parliament, Session 2",124,"Safe Night Out Act, 2022",https://www.ola.org/en/legislative-business/bills/parliament-42/session-2/bill-124,"Lindo, Laura Mae",,"Andrew, Jill",,"Sattler, Peggy",,"Kernaghan, Terence",
"42nd Parliament, Session 2",125,"Justice for Victims of Occupational Disease Act, 2022",https://www.ola.org/en/legislative-business/bills/parliament-42/session-2/bill-125,"Gates, Wayne",,,,,,,
"42nd Parliament, Session 2",126,"Plan to Build Act (Budget Measures), 2022",https://www.ola.org/en/legislative-business/bills/parliament-42/session-2/bill-126,"Bethlenfalvy, Hon. Peter",Minister of Finance,,,,,,
